frame,time_ms,detected_hz,string_id,string_name,state_id,state_name,cents_x10,confidence,yin_tau,corr_hz,corr_string_id,corr_string_name,corr_cents_x10,corr_confidence,corr_tau,fft_peak_hz,signal_amplitude
0,0,256.461478,255,unknown,4,unknown,668,0.365838,0,256.461478,4,B,668,0.365838,62,197.892115,2493
1,64,258.865038,255,unknown,4,unknown,836,0.582712,0,258.865038,4,B,836,0.582712,62,201.775290,27713
2,128,402.229118,255,unknown,4,unknown,3813,0.690205,0,402.229118,5,high E,3813,0.690205,40,197.333567,28226
3,192,197.329139,3,G,3,sharp,117,0.884461,0,197.329139,3,G,117,0.884461,81,195.643498,28226
4,256,196.400888,3,G,1,in tune,35,0.912983,0,196.400888,3,G,35,0.912983,81,194.697142,28226
5,320,195.504115,255,unknown,4,unknown,-44,0.685964,0,195.504115,3,G,-44,0.685964,82,97.345386,27612
6,384,98.558388,1,A,2,flat,-1801,0.942201,0,98.558388,1,A,-1801,0.942201,162,97.534131,11840
7,448,98.710057,1,A,2,flat,-1777,0.914064,0,98.710057,1,A,-1777,0.914064,162,97.505963,23629
8,512,97.774010,1,A,2,flat,-1924,0.904408,0,97.774010,1,A,-1924,0.904408,164,97.229879,23629
9,576,147.480180,255,unknown,4,unknown,77,0.439023,0,147.480180,2,D,77,0.439023,108,146.608355,23629
10,640,147.643145,2,D,3,sharp,96,0.799469,0,147.643145,2,D,96,0.799469,108,146.942517,24008
11,704,147.591458,2,D,3,sharp,90,0.926696,0,147.591458,2,D,90,0.926696,108,146.933948,23335
12,768,147.361283,2,D,3,sharp,63,0.958667,0,147.361283,2,D,63,0.958667,109,146.884544,23335
13,832,147.241600,2,D,1,in tune,49,0.956857,0,147.241600,2,D,49,0.956857,109,146.950524,22736
14,896,147.249548,2,D,1,in tune,49,0.753601,0,147.249548,2,D,49,0.753601,109,195.200891,22736
15,960,198.302745,255,unknown,4,unknown,203,0.636899,0,198.302745,3,G,203,0.636899,81,194.877975,22390
16,1024,188.789292,3,G,2,flat,-637,0.884878,0,188.789292,3,G,-637,0.884878,85,194.511290,20894
17,1088,184.834875,3,G,2,flat,-986,0.781338,0,184.834875,3,G,-986,0.781338,87,195.488857,12806
18,1152,184.123003,3,G,2,flat,-1049,0.710592,0,184.123003,3,G,-1049,0.710592,87,197.032913,23791
19,1216,369.367814,255,unknown,4,unknown,2087,0.584469,0,369.367814,5,high E,2087,0.584469,43,197.892376,23791
20,1280,236.810378,255,unknown,4,unknown,-710,0.553346,0,236.810378,4,B,-710,0.553346,68,246.727975,23791
21,1344,243.507681,4,B,2,flat,-241,0.726484,0,243.507681,4,B,-241,0.726484,66,246.965876,23791
22,1408,248.168098,4,B,3,sharp,86,0.901941,0,248.168098,4,B,86,0.901941,64,246.846641,19963
23,1472,247.403168,4,B,1,in tune,32,0.929669,0,247.403168,4,B,32,0.929669,65,246.792487,21128
24,1536,246.992643,4,B,1,in tune,4,0.946461,0,246.992643,4,B,4,0.946461,65,246.800403,21128
25,1600,246.840321,4,B,1,in tune,-7,0.851504,0,246.840321,4,B,-7,0.851504,65,246.762181,21128
26,1664,246.665363,4,B,1,in tune,-19,0.811480,0,246.665363,4,B,-19,0.811480,65,246.703473,21128
27,1728,247.428031,4,B,1,in tune,34,0.824128,0,247.428031,4,B,34,0.824128,65,246.916567,19145
28,1792,247.927281,4,B,3,sharp,69,0.824123,0,247.927281,4,B,69,0.824123,65,249.437292,19145
29,1856,248.175625,4,B,3,sharp,87,0.714781,0,248.175625,4,B,87,0.714781,64,251.003791,23011
30,1920,126.934249,255,unknown,4,unknown,-2346,0.551994,0,126.934249,2,D,-2346,0.551994,126,249.192852,23011
31,1984,241.491086,255,unknown,4,unknown,-382,0.493998,0,241.491086,4,B,-382,0.493998,66,246.997732,23011
32,2048,246.089413,4,B,2,flat,-60,0.771892,0,246.089413,4,B,-60,0.771892,65,247.047163,23011
33,2112,247.508726,4,B,1,in tune,40,0.896893,0,247.508726,4,B,40,0.896893,65,246.897122,20248
34,2176,247.835655,4,B,3,sharp,63,0.916313,0,247.835655,4,B,63,0.916313,65,246.797385,19587
35,2240,246.469656,4,B,1,in tune,-33,0.873735,0,246.469656,4,B,-33,0.873735,65,246.773068,21646
36,2304,245.875480,4,B,2,flat,-75,0.832866,0,245.875480,4,B,-75,0.832866,65,246.719019,33539
37,2368,246.507512,4,B,1,in tune,-30,0.854672,0,246.507512,4,B,-30,0.854672,65,195.389588,33539
38,2432,196.680998,3,G,3,sharp,60,0.936960,0,196.680998,3,G,60,0.936960,81,195.240774,33539
39,2496,196.427316,3,G,1,in tune,38,0.991405,0,196.427316,3,G,38,0.991405,81,194.634893,33539
40,2560,196.849414,3,G,3,sharp,75,0.847400,0,196.849414,3,G,75,0.847400,81,199.170773,30434
41,2624,197.372834,3,G,3,sharp,121,0.864907,0,197.372834,3,G,121,0.864907,81,195.800658,30434
42,2688,196.628396,3,G,3,sharp,56,0.970338,0,196.628396,3,G,56,0.970338,81,195.024936,30434
43,2752,195.720326,3,G,1,in tune,-25,0.878078,0,195.720326,3,G,-25,0.878078,82,195.019960,24403
44,2816,196.397017,255,unknown,4,unknown,35,0.606387,0,196.397017,3,G,35,0.606387,81,147.201697,23422
45,2880,196.457949,255,unknown,4,unknown,40,0.315375,0,196.457949,3,G,40,0.315375,81,149.737964,20881
46,2944,147.009648,255,unknown,4,unknown,21,0.424318,0,147.009648,2,D,21,0.424318,109,246.841535,18628
47,3008,82.001920,255,unknown,4,unknown,-86,0.642950,0,82.001920,0,low E,-86,0.642950,195,246.977414,23241
48,3072,246.246270,4,B,1,in tune,-49,0.815657,0,246.246270,4,B,-49,0.815657,65,249.003285,24144
49,3136,126.037949,2,D,2,flat,-2452,0.752059,0,126.037949,2,D,-2452,0.752059,127,131.894803,24144
50,3200,130.663135,2,D,2,flat,-1906,0.942452,0,130.663135,2,D,-1906,0.942452,122,131.701162,24144
51,3264,131.081673,2,D,2,flat,-1857,0.987535,0,131.081673,2,D,-1857,0.987535,122,131.533578,24144
52,3328,131.132478,2,D,2,flat,-1851,0.988562,0,131.132478,2,D,-1851,0.988562,122,131.312408,25523
53,3392,131.001222,2,D,2,flat,-1866,0.984965,0,131.001222,2,D,-1866,0.984965,122,131.160958,27311
54,3456,131.803341,2,D,2,flat,-1772,0.830333,0,131.803341,2,D,-1772,0.830333,121,164.644933,27311
55,3520,139.121091,255,unknown,4,unknown,-909,0.588913,0,139.121091,2,D,-909,0.588913,115,164.962806,27311
56,3584,142.166922,255,unknown,4,unknown,-550,0.586701,0,142.166922,2,D,-550,0.586701,113,165.311602,27264
57,3648,140.772929,255,unknown,4,unknown,-714,0.615555,0,140.772929,2,D,-714,0.615555,114,130.970302,25418
58,3712,138.996168,255,unknown,4,unknown,-924,0.625942,0,138.996168,2,D,-924,0.625942,115,130.962696,28167
59,3776,137.991650,255,unknown,4,unknown,-1042,0.645295,0,137.991650,2,D,-1042,0.645295,116,130.889903,28167
60,3840,167.097517,255,unknown,4,unknown,2390,0.297563,0,167.097517,2,D,2390,0.297563,96,195.568330,28167
61,3904,184.703526,255,unknown,4,unknown,-998,0.491138,0,184.703526,3,G,-998,0.491138,87,195.177669,28167
62,3968,167.366675,255,unknown,4,unknown,2421,0.372001,0,167.366675,2,D,2421,0.372001,96,130.730014,25249
63,4032,142.852316,255,unknown,4,unknown,-469,0.489544,0,142.852316,2,D,-469,0.489544,112,130.673977,22746
64,4096,136.263415,255,unknown,4,unknown,-1246,0.653165,0,136.263415,2,D,-1246,0.653165,117,130.660948,22746
65,4160,133.677950,2,D,2,flat,-1551,0.738126,0,133.677950,2,D,-1551,0.738126,120,130.605956,22337
66,4224,133.650574,2,D,2,flat,-1554,0.755604,0,133.650574,2,D,-1554,0.755604,120,130.567583,22337
67,4288,132.696770,2,D,2,flat,-1666,0.765935,0,132.696770,2,D,-1666,0.765935,121,130.602882,22337
68,4352,132.904743,2,D,2,flat,-1642,0.780594,0,132.904743,2,D,-1642,0.780594,120,130.603603,22153
69,4416,132.109193,2,D,2,flat,-1736,0.797325,0,132.109193,2,D,-1736,0.797325,121,130.737311,32529
70,4480,131.980304,2,D,2,flat,-1751,0.836935,0,131.980304,2,D,-1751,0.836935,121,130.930996,32529
71,4544,123.533604,255,unknown,4,unknown,2130,0.458458,0,123.533604,1,A,2130,0.458458,130,247.534353,32529
72,4608,246.823751,255,unknown,4,unknown,-8,0.570587,0,246.823751,4,B,-8,0.570587,65,247.354680,32529
73,4672,247.638928,255,unknown,4,unknown,49,0.647539,0,247.638928,4,B,49,0.647539,65,247.160540,29003
74,4736,247.766281,255,unknown,4,unknown,58,0.649403,0,247.766281,4,B,58,0.649403,65,247.044434,29816
75,4800,123.776884,1,A,3,sharp,2168,0.877969,0,123.776884,1,A,2168,0.877969,129,247.014384,29162
76,4864,247.081288,255,unknown,4,unknown,10,0.652753,0,247.081288,4,B,10,0.652753,65,246.901328,28438
77,4928,247.044300,255,unknown,4,unknown,7,0.658056,0,247.044300,4,B,7,0.658056,65,246.871550,28438
78,4992,246.924668,4,B,1,in tune,-1,0.700593,0,246.924668,4,B,-1,0.700593,65,246.834656,27343
79,5056,246.999724,4,B,1,in tune,4,0.726129,0,246.999724,4,B,4,0.726129,65,246.793924,27342
80,5120,246.863696,4,B,1,in tune,-5,0.744160,0,246.863696,4,B,-5,0.744160,65,246.790393,28743
81,5184,246.952712,4,B,1,in tune,1,0.763574,0,246.952712,4,B,1,0.763574,65,493.331409,28743
82,5248,123.629164,255,unknown,4,unknown,2145,0.684422,0,123.629164,1,A,2145,0.684422,129,160.720148,28743
83,5312,82.213423,0,low E,1,in tune,-41,0.824985,0,82.213423,0,low E,-41,0.824985,195,493.415031,29278
84,5376,246.442362,255,unknown,4,unknown,-35,0.649556,0,246.442362,4,B,-35,0.649556,65,493.278061,28711
85,5440,246.801386,4,B,1,in tune,-10,0.721898,0,246.801386,4,B,-10,0.721898,65,248.965998,29074
86,5504,246.794235,255,unknown,4,unknown,-10,0.557596,0,246.794235,4,B,-10,0.557596,65,195.099318,29805
87,5568,194.014911,3,G,2,flat,-175,0.738183,0,194.014911,3,G,-175,0.738183,82,195.850685,29805
88,5632,195.855978,3,G,1,in tune,-13,0.991275,0,195.855978,3,G,-13,0.991275,82,196.585639,29805
89,5696,196.463546,3,G,1,in tune,41,0.990766,0,196.463546,3,G,41,0.990766,81,198.657178,29805
90,5760,197.993354,3,G,3,sharp,176,0.910915,0,197.993354,3,G,176,0.910915,81,203.014244,18599
91,5824,210.922878,255,unknown,4,unknown,1318,0.587059,0,210.922878,3,G,1318,0.587059,76,211.836463,31668
92,5888,399.912047,255,unknown,4,unknown,3691,0.455718,0,399.912047,5,high E,3691,0.455718,40,218.359395,31668
93,5952,215.520632,3,G,3,sharp,1724,0.887078,0,215.520632,3,G,1724,0.887078,74,219.843883,31668
94,6016,217.994910,3,G,3,sharp,1943,0.875588,0,217.994910,3,G,1943,0.875588,73,220.278228,31668
95,6080,221.272958,4,B,2,flat,-1799,0.788385,0,221.272958,4,B,-1799,0.788385,72,220.295057,24507
96,6144,221.321189,4,B,2,flat,-1796,0.758841,0,221.321189,4,B,-1796,0.758841,72,220.263041,23277
97,6208,110.128165,1,A,1,in tune,20,0.993356,0,110.128165,1,A,20,0.993356,145,220.200745,28135
98,6272,110.054477,1,A,1,in tune,9,1.000454,0,110.054477,1,A,9,1.000454,145,220.145005,28135
99,6336,199.881615,255,unknown,4,unknown,343,0.490507,0,199.881615,3,G,343,0.490507,80,165.246953,28135
100,6400,175.579064,255,unknown,4,unknown,-1804,0.599813,0,175.579064,3,G,-1804,0.599813,91,165.818742,28135
101,6464,168.796934,3,G,2,flat,-2403,0.713365,0,168.796934,3,G,-2403,0.713365,95,166.227248,26796
102,6528,167.819095,2,D,3,sharp,2475,0.739191,0,167.819095,2,D,2475,0.739191,95,166.156243,32669
103,6592,168.107571,3,G,2,flat,-2464,0.735759,0,168.107571,3,G,-2464,0.735759,95,195.441236,32669
104,6656,183.323968,3,G,2,flat,-1120,0.715906,0,183.323968,3,G,-1120,0.715906,87,195.487898,32669
105,6720,193.002928,3,G,2,flat,-265,0.877191,0,193.002928,3,G,-265,0.877191,83,195.321716,32669
106,6784,185.121603,3,G,2,flat,-961,0.728761,0,185.121603,3,G,-961,0.728761,86,195.086195,30273
107,6848,172.536182,255,unknown,4,unknown,-2073,0.682687,0,172.536182,3,G,-2073,0.682687,93,331.537670,37046
108,6912,168.862663,255,unknown,4,unknown,-2397,0.668575,0,168.862663,3,G,-2397,0.668575,95,165.887737,37046
109,6976,171.244353,255,unknown,4,unknown,-2187,0.509731,0,171.244353,3,G,-2187,0.509731,93,261.402253,37046
110,7040,262.591750,255,unknown,4,unknown,1097,0.552572,0,262.591750,4,B,1097,0.552572,61,262.022336,37046
111,7104,262.531243,4,B,3,sharp,1093,0.769980,0,262.531243,4,B,1093,0.769980,61,262.159648,31302
112,7168,262.367242,4,B,3,sharp,1082,0.744033,0,262.367242,4,B,1082,0.744033,61,262.156421,30172
113,7232,262.321076,255,unknown,4,unknown,1078,0.687526,0,262.321076,4,B,1078,0.687526,61,262.092994,30441
114,7296,130.860418,2,D,2,flat,-1883,0.853610,0,130.860418,2,D,-1883,0.853610,122,262.016587,29649
115,7360,130.825375,2,D,2,flat,-1887,0.819072,0,130.825375,2,D,-1887,0.819072,122,261.917788,28784
116,7424,130.699393,2,D,2,flat,-1902,0.722244,0,130.699393,2,D,-1902,0.722244,122,261.872974,28784
117,7488,130.650433,255,unknown,4,unknown,-1908,0.650120,0,130.650433,2,D,-1908,0.650120,122,261.895307,27583
118,7552,130.543798,2,D,2,flat,-1920,0.716365,0,130.543798,2,D,-1920,0.716365,123,109.743354,26955
119,7616,130.602025,2,D,2,flat,-1913,0.822229,0,130.602025,2,D,-1913,0.822229,123,109.721688,25375
120,7680,130.580664,2,D,2,flat,-1916,0.791774,0,130.580664,2,D,-1916,0.791774,123,109.701639,25375
121,7744,130.517386,2,D,2,flat,-1923,0.742574,0,130.517386,2,D,-1923,0.742574,123,109.770802,25375
122,7808,130.415939,2,D,2,flat,-1935,0.773763,0,130.415939,2,D,-1935,0.773763,123,109.739442,23889
123,7872,130.210470,2,D,2,flat,-1960,0.795935,0,130.210470,2,D,-1960,0.795935,123,109.942029,27181
124,7936,129.736655,2,D,2,flat,-2015,0.703548,0,129.736655,2,D,-2015,0.703548,123,109.841705,27308
125,8000,136.393201,255,unknown,4,unknown,-1231,0.476583,0,136.393201,2,D,-1231,0.476583,117,148.048502,27308
126,8064,147.669081,255,unknown,4,unknown,99,0.636563,0,147.669081,2,D,99,0.636563,108,162.666961,27308
127,8128,153.976194,255,unknown,4,unknown,843,0.537084,0,153.976194,2,D,843,0.537084,104,164.190763,25750
128,8192,160.632272,255,unknown,4,unknown,1627,0.558518,0,160.632272,2,D,1627,0.558518,100,163.966661,31333
129,8256,158.069688,255,unknown,4,unknown,1325,0.432084,0,158.069688,2,D,1325,0.432084,101,195.689570,31333
130,8320,193.598056,3,G,2,flat,-212,0.701328,0,193.598056,3,G,-212,0.701328,83,195.506701,31333
131,8384,195.479445,3,G,1,in tune,-46,0.912272,0,195.479445,3,G,-46,0.912272,82,195.458925,31333
132,8448,195.874693,3,G,1,in tune,-11,0.827133,0,195.874693,3,G,-11,0.827133,82,195.328185,25506
133,8512,196.326849,3,G,1,in tune,29,0.783813,0,196.326849,3,G,29,0.783813,81,195.526199,18283
134,8576,196.128143,3,G,1,in tune,11,0.903783,0,196.128143,3,G,11,0.903783,82,195.501129,26560
135,8640,196.088938,3,G,1,in tune,8,0.905217,0,196.088938,3,G,8,0.905217,82,195.476039,27106
136,8704,196.409672,255,unknown,4,unknown,36,0.498244,0,196.409672,3,G,36,0.498244,81,261.978722,27528
137,8768,130.680456,255,unknown,4,unknown,-1904,0.548493,0,130.680456,2,D,-1904,0.548493,122,262.048811,27528
138,8832,130.935910,2,D,2,flat,-1874,0.945078,0,130.935910,2,D,-1874,0.945078,122,131.162602,23238
139,8896,130.959570,2,D,2,flat,-1871,0.978731,0,130.959570,2,D,-1871,0.978731,122,131.150152,27657
140,8960,130.988015,2,D,2,flat,-1868,0.973701,0,130.988015,2,D,-1868,0.973701,122,131.119933,27657
141,9024,165.405024,255,unknown,4,unknown,2190,0.237354,0,165.405024,2,D,2190,0.237354,97,195.198070,27657
142,9088,190.719691,255,unknown,4,unknown,-466,0.591854,0,190.719691,3,G,-466,0.591854,84,195.235869,27657
143,9152,186.190130,255,unknown,4,unknown,-866,0.456296,0,186.190130,3,G,-866,0.456296,86,195.418349,26240
144,9216,174.756507,255,unknown,4,unknown,-1876,0.252308,0,174.756507,3,G,-1876,0.252308,92,197.854444,24878
145,9280,130.075688,255,unknown,4,unknown,-1975,0.214589,0,130.075688,2,D,-1975,0.214589,123,196.743111,25989
146,9344,241.740358,255,unknown,4,unknown,-365,0.437869,0,241.740358,4,B,-365,0.437869,66,196.723733,29238
147,9408,198.103201,255,unknown,4,unknown,186,0.488898,0,198.103201,3,G,186,0.488898,81,260.991755,29238
148,9472,260.747165,255,unknown,4,unknown,968,0.691237,0,260.747165,4,B,968,0.691237,61,261.401568,29238
149,9536,261.275325,4,B,3,sharp,1005,0.757684,0,261.275325,4,B,1005,0.757684,61,261.818412,29238
150,9600,260.947623,4,B,3,sharp,982,0.765210,0,260.947623,4,B,982,0.765210,61,261.827499,23992
151,9664,260.916869,4,B,3,sharp,980,0.740172,0,260.916869,4,B,980,0.740172,61,261.897163,23102
152,9728,261.177141,4,B,3,sharp,998,0.719853,0,261.177141,4,B,998,0.719853,61,261.736832,22992
153,9792,260.857073,4,B,3,sharp,976,0.736198,0,260.857073,4,B,976,0.736198,61,261.475911,21360
154,9856,260.404318,4,B,3,sharp,944,0.752235,0,260.404318,4,B,944,0.752235,61,260.720657,21360
155,9920,260.109270,255,unknown,4,unknown,923,0.599338,0,260.109270,4,B,923,0.599338,62,163.701601,19794
156,9984,190.007349,255,unknown,4,unknown,-529,0.366714,0,190.007349,3,G,-529,0.366714,84,164.092418,29387
157,10048,167.384337,255,unknown,4,unknown,2424,0.693154,0,167.384337,2,D,2424,0.693154,96,219.602590,29387
158,10112,257.345459,255,unknown,4,unknown,730,0.616571,0,257.345459,4,B,730,0.616571,62,219.750976,29387
159,10176,256.221989,255,unknown,4,unknown,651,0.666068,0,256.221989,4,B,651,0.666068,62,220.045899,29387
160,10240,255.606449,255,unknown,4,unknown,608,0.654491,0,255.606449,4,B,608,0.654491,63,220.009792,27995
161,10304,256.460403,255,unknown,4,unknown,667,0.668058,0,256.460403,4,B,667,0.668058,62,219.958246,25674
162,10368,257.501636,255,unknown,4,unknown,740,0.657566,0,257.501636,4,B,740,0.657566,62,219.990810,23945
163,10432,256.381436,255,unknown,4,unknown,662,0.614824,0,256.381436,4,B,662,0.614824,62,220.048260,23136
164,10496,249.803489,255,unknown,4,unknown,201,0.496213,0,249.803489,4,B,201,0.496213,64,220.084073,22040
165,10560,111.597795,1,A,3,sharp,251,0.829777,0,111.597795,1,A,251,0.829777,143,220.119094,20194
166,10624,111.724125,1,A,3,sharp,271,0.837019,0,111.724125,1,A,271,0.837019,143,220.152639,25952
167,10688,111.558514,1,A,3,sharp,245,0.838099,0,111.558514,1,A,245,0.838099,143,110.370018,28046
168,10752,112.755399,255,unknown,4,unknown,434,0.552058,0,112.755399,1,A,434,0.552058,142,146.731753,28094
169,10816,147.471654,255,unknown,4,unknown,76,0.636837,0,147.471654,2,D,76,0.636837,108,147.130663,30369
170,10880,147.324394,2,D,3,sharp,58,0.819632,0,147.324394,2,D,58,0.819632,109,440.680152,30369
171,10944,149.207441,255,unknown,4,unknown,280,0.687670,0,149.207441,2,D,280,0.687670,107,163.964878,30369
172,11008,164.341850,2,D,3,sharp,2065,0.852105,0,164.341850,2,D,2065,0.852105,97,164.241420,30369
173,11072,164.881827,2,D,3,sharp,2128,0.931674,0,164.881827,2,D,2128,0.931674,97,162.986629,28430
174,11136,166.193738,2,D,3,sharp,2283,0.747424,0,166.193738,2,D,2283,0.747424,96,195.686905,28430
175,11200,188.280523,255,unknown,4,unknown,-682,0.621702,0,188.280523,3,G,-682,0.621702,85,195.409560,27755
176,11264,191.524531,255,unknown,4,unknown,-395,0.601819,0,191.524531,3,G,-395,0.601819,84,195.206172,25295
177,11328,161.985441,255,unknown,4,unknown,1787,0.282044,0,161.985441,2,D,1787,0.282044,99,147.002894,29577
178,11392,148.359929,255,unknown,4,unknown,180,0.509652,0,148.359929,2,D,180,0.509652,108,146.858933,29577
179,11456,191.508299,255,unknown,4,unknown,-397,0.371139,0,191.508299,3,G,-397,0.371139,84,195.318989,29577
180,11520,99.147689,255,unknown,4,unknown,-1708,0.645042,0,99.147689,1,A,-1708,0.645042,161,98.099159,29577
181,11584,98.708158,255,unknown,4,unknown,-1777,0.601166,0,98.708158,1,A,-1777,0.601166,162,97.788057,27244
182,11648,98.424022,255,unknown,4,unknown,-1822,0.458650,0,98.424022,1,A,-1822,0.458650,163,97.664547,21052
183,11712,98.238483,255,unknown,4,unknown,-1851,0.397214,0,98.238483,1,A,-1851,0.397214,163,97.747723,18485
184,11776,97.980648,255,unknown,4,unknown,-1892,0.272095,0,97.980648,1,A,-1892,0.272095,163,97.974738,18559
185,11840,133.898468,255,unknown,4,unknown,-1525,0.316163,0,133.898468,2,D,-1525,0.316163,119,146.679766,18309
186,11904,146.681569,255,unknown,4,unknown,-18,0.377869,0,146.681569,2,D,-18,0.377869,109,146.561230,18261
187,11968,146.835527,255,unknown,4,unknown,1,0.478870,0,146.835527,2,D,1,0.478870,109,146.477564,18261
188,12032,147.045637,255,unknown,4,unknown,25,0.505596,0,147.045637,2,D,25,0.505596,109,146.542786,46394
189,12096,147.059628,255,unknown,4,unknown,27,0.489719,0,147.059628,2,D,27,0.489719,109,199.107865,46394
190,12160,196.145161,255,unknown,4,unknown,13,0.208980,0,196.145161,3,G,13,0.208980,82,192.569544,46394
191,12224,98.941186,255,unknown,4,unknown,-1740,0.479225,0,98.941186,1,A,-1740,0.479225,162,193.675916,46394
192,12288,98.845272,255,unknown,4,unknown,-1756,0.681205,0,98.845272,1,A,-1756,0.681205,162,296.518659,45524
193,12352,98.824357,1,A,2,flat,-1759,0.810634,0,98.824357,1,A,-1759,0.810634,162,296.193135,33828
194,12416,296.662552,5,high E,2,flat,-1731,0.762564,0,296.662552,5,high E,-1731,0.762564,54,295.921163,33358
195,12480,296.477178,5,high E,2,flat,-1741,0.827114,0,296.477178,5,high E,-1741,0.827114,54,295.490254,33104
196,12544,296.276339,5,high E,2,flat,-1752,0.845176,0,296.276339,5,high E,-1752,0.845176,54,294.931792,30496
197,12608,295.768604,5,high E,2,flat,-1778,0.829871,0,295.768604,5,high E,-1778,0.829871,54,294.227005,30496
198,12672,295.093355,255,unknown,4,unknown,-1814,0.659054,0,295.093355,5,high E,-1814,0.659054,54,195.564587,29477
199,12736,98.171708,1,A,2,flat,-1862,0.892957,0,98.171708,1,A,-1862,0.892957,163,195.469428,29477
200,12800,98.110188,1,A,2,flat,-1871,0.937037,0,98.110188,1,A,-1871,0.937037,163,293.830995,28254
201,12864,294.387227,255,unknown,4,unknown,-1851,0.652195,0,294.387227,5,high E,-1851,0.652195,54,131.360186,28327
202,12928,147.085381,2,D,1,in tune,30,0.737206,0,147.085381,2,D,30,0.737206,109,131.460099,28327
203,12992,146.998014,2,D,1,in tune,20,0.740583,0,146.998014,2,D,20,0.740583,109,131.361788,28327
204,13056,147.011911,2,D,1,in tune,21,0.740893,0,147.011911,2,D,21,0.740893,109,130.950402,26607
205,13120,146.917419,2,D,1,in tune,10,0.701511,0,146.917419,2,D,10,0.701511,109,130.813072,41718
206,13184,146.610095,255,unknown,4,unknown,-26,0.632676,0,146.610095,2,D,-26,0.632676,109,131.453426,45212
207,13248,125.481217,255,unknown,4,unknown,2437,0.218254,0,125.481217,1,A,2437,0.218254,128,196.408355,45212
208,13312,195.913569,255,unknown,4,unknown,-8,0.633736,0,195.913569,3,G,-8,0.633736,82,195.311360,45212
209,13376,195.336812,255,unknown,4,unknown,-59,0.674257,0,195.336812,3,G,-59,0.674257,82,164.414400,45212
210,13440,195.347250,255,unknown,4,unknown,-58,0.584749,0,195.347250,3,G,-58,0.584749,82,164.348550,38012
211,13504,195.634453,255,unknown,4,unknown,-32,0.524937,0,195.634453,3,G,-32,0.524937,82,195.242755,31009
212,13568,196.017262,255,unknown,4,unknown,2,0.602338,0,196.017262,3,G,2,0.602338,82,197.659290,26448
213,13632,196.382909,3,G,1,in tune,34,0.807462,0,196.382909,3,G,34,0.807462,81,200.397982,25137
214,13696,196.685664,3,G,3,sharp,61,0.702875,0,196.685664,3,G,61,0.702875,81,219.955549,20606
215,13760,109.304922,1,A,2,flat,-109,0.915057,0,109.304922,1,A,-109,0.915057,146,220.771534,4948
216,13824,109.678616,1,A,2,flat,-51,0.831032,0,109.678616,1,A,-51,0.831032,146,222.785859,42186
217,13888,231.461560,255,unknown,4,unknown,-1085,0.375996,0,231.461560,4,B,-1085,0.375996,69,193.257032,44627
218,13952,214.006687,255,unknown,4,unknown,1590,0.471622,0,214.006687,3,G,1590,0.471622,75,195.435298,44627
219,14016,214.247160,255,unknown,4,unknown,1612,0.470674,0,214.247160,3,G,1612,0.470674,75,195.058442,44627
220,14080,196.378645,255,unknown,4,unknown,33,0.484528,0,196.378645,3,G,33,0.484528,81,221.648867,42720
221,14144,196.310105,255,unknown,4,unknown,27,0.409632,0,196.310105,3,G,27,0.409632,82,221.695976,34987
222,14208,196.219387,255,unknown,4,unknown,19,0.416881,0,196.219387,3,G,19,0.416881,82,165.304142,34987
223,14272,195.874353,255,unknown,4,unknown,-11,0.387187,0,195.874353,3,G,-11,0.387187,82,165.181797,34987
224,14336,195.516814,255,unknown,4,unknown,-43,0.332995,0,195.516814,3,G,-43,0.332995,82,165.073631,34180
225,14400,131.002696,255,unknown,4,unknown,-1866,0.308244,0,131.002696,2,D,-1866,0.308244,122,164.979278,30114
226,14464,86.986236,255,unknown,4,unknown,961,0.351086,0,86.986236,0,low E,961,0.351086,184,164.892971,30015
227,14528,86.915882,255,unknown,4,unknown,947,0.361077,0,86.915882,0,low E,947,0.361077,184,164.850751,30015
228,14592,173.273060,255,unknown,4,unknown,-2007,0.319673,0,173.273060,3,G,-2007,0.319673,92,164.773198,29606
229,14656,86.914809,255,unknown,4,unknown,946,0.295978,0,86.914809,0,low E,946,0.295978,184,109.735694,29526
230,14720,107.027873,255,unknown,4,unknown,-468,0.343141,0,107.027873,1,A,-468,0.343141,149,109.623312,28728
231,14784,107.018299,255,unknown,4,unknown,-469,0.425539,0,107.018299,1,A,-469,0.425539,150,219.483870,28637
232,14848,106.774639,255,unknown,4,unknown,-508,0.493350,0,106.774639,1,A,-508,0.493350,150,219.572892,28459
233,14912,106.544512,255,unknown,4,unknown,-544,0.493815,0,106.544512,1,A,-544,0.493815,150,109.631157,28459
234,14976,105.371842,255,unknown,4,unknown,-728,0.490044,0,105.371842,1,A,-728,0.490044,152,195.281278,28459
235,15040,104.570415,255,unknown,4,unknown,-855,0.618090,0,104.570415,1,A,-855,0.618090,153,195.231818,25669
236,15104,104.895347,255,unknown,4,unknown,-803,0.646830,0,104.895347,1,A,-803,0.646830,153,218.872616,23204
237,15168,106.271040,255,unknown,4,unknown,-587,0.677623,0,106.271040,1,A,-587,0.677623,151,218.870780,21406
238,15232,108.908598,1,A,2,flat,-172,0.703649,0,108.908598,1,A,-172,0.703649,147,109.768847,21271
239,15296,109.664471,1,A,2,flat,-53,0.733070,0,109.664471,1,A,-53,0.733070,146,109.702502,21271
240,15360,109.866970,1,A,1,in tune,-21,0.734468,0,109.866970,1,A,-21,0.734468,146,109.697440,20256
241,15424,110.230994,1,A,1,in tune,36,0.749813,0,110.230994,1,A,36,0.749813,145,219.845224,32669
242,15488,110.787547,1,A,3,sharp,124,0.832964,0,110.787547,1,A,124,0.832964,144,147.216773,32669
243,15552,148.477342,255,unknown,4,unknown,194,0.489987,0,148.477342,2,D,194,0.489987,108,146.941612,32669
244,15616,147.726796,2,D,3,sharp,106,0.795838,0,147.726796,2,D,106,0.795838,108,147.658168,32843
245,15680,147.802361,2,D,3,sharp,115,0.768789,0,147.802361,2,D,115,0.768789,108,163.038288,32759
246,15744,164.814174,2,D,3,sharp,2120,0.804733,0,164.814174,2,D,2120,0.804733,97,164.018397,31554
247,15808,164.833842,2,D,3,sharp,2123,0.896260,0,164.833842,2,D,2123,0.896260,97,163.966137,45508
248,15872,164.818996,2,D,3,sharp,2121,0.854753,0,164.818996,2,D,2121,0.854753,97,196.129875,45508
249,15936,195.232342,3,G,2,flat,-68,0.908910,0,195.232342,3,G,-68,0.908910,82,195.512213,45508
250,16000,196.088875,3,G,1,in tune,8,1.007291,0,196.088875,3,G,8,1.007291,82,195.111667,45508
251,16064,195.995615,3,G,1,in tune,0,0.957404,0,195.995615,3,G,0,0.957404,82,197.184403,38400
252,16128,197.601869,3,G,3,sharp,141,0.892077,0,197.601869,3,G,141,0.892077,81,198.716911,37679
253,16192,73.152386,255,unknown,4,unknown,-1945,0.417614,0,73.152386,0,low E,-1945,0.417614,219,220.537772,38904
254,16256,216.152880,255,unknown,4,unknown,1780,0.675575,0,216.152880,3,G,1780,0.675575,74,223.904279,38904
255,16320,222.141818,4,B,2,flat,-1739,0.932821,0,222.141818,4,B,-1739,0.932821,72,224.447780,38904
256,16384,224.239849,4,B,2,flat,-1591,0.943026,0,224.239849,4,B,-1591,0.943026,71,223.187656,38432
257,16448,222.034997,4,B,2,flat,-1746,0.949384,0,222.034997,4,B,-1746,0.949384,72,220.047563,30655
258,16512,218.617419,4,B,2,flat,-1986,0.869598,0,218.617419,4,B,-1986,0.869598,73,207.032788,43437
259,16576,194.848428,255,unknown,4,unknown,-102,0.508412,0,194.848428,3,G,-102,0.508412,82,196.711540,43437
260,16640,196.168008,3,G,1,in tune,15,0.943730,0,196.168008,3,G,15,0.943730,82,195.811695,43437
261,16704,195.994392,3,G,1,in tune,0,1.018788,0,195.994392,3,G,0,1.018788,82,194.927301,43437
262,16768,195.165447,3,G,2,flat,-74,0.975691,0,195.165447,3,G,-74,0.975691,82,194.228762,39477
263,16832,195.036905,3,G,2,flat,-85,0.969753,0,195.036905,3,G,-85,0.969753,82,195.114553,21769
264,16896,195.711106,3,G,1,in tune,-26,0.948997,0,195.711106,3,G,-26,0.948997,82,391.539948,18530
265,16960,195.945898,3,G,1,in tune,-5,0.886242,0,195.945898,3,G,-5,0.886242,82,391.566764,20344
266,17024,98.040162,1,A,2,flat,-1882,0.930821,0,98.040162,1,A,-1882,0.930821,163,391.495041,21076
267,17088,97.881929,1,A,2,flat,-1907,0.933389,0,97.881929,1,A,-1907,0.933389,163,391.452152,19777
268,17152,97.840265,1,A,2,flat,-1914,0.965132,0,97.840265,1,A,-1914,0.965132,164,391.375928,19777
269,17216,97.837649,1,A,2,flat,-1914,0.957745,0,97.837649,1,A,-1914,0.957745,164,391.316029,25881
270,17280,97.853968,1,A,2,flat,-1912,0.909166,0,97.853968,1,A,-1912,0.909166,164,192.981963,25881
271,17344,196.888186,255,unknown,4,unknown,78,0.694882,0,196.888186,3,G,78,0.694882,81,203.814206,25881
272,17408,202.677292,3,G,3,sharp,590,0.740831,0,202.677292,3,G,590,0.740831,79,195.248309,25881
273,17472,98.143661,1,A,2,flat,-1866,0.972193,0,98.143661,1,A,-1866,0.972193,163,195.215768,34721
274,17536,97.942805,1,A,2,flat,-1898,0.972049,0,97.942805,1,A,-1898,0.972049,163,196.868200,46384
275,17600,196.825176,255,unknown,4,unknown,73,0.494888,0,196.825176,3,G,73,0.494888,81,195.750423,46384
276,17664,196.918097,3,G,3,sharp,81,0.919081,0,196.918097,3,G,81,0.919081,81,194.482330,46384
277,17728,196.665874,3,G,3,sharp,59,0.899414,0,196.665874,3,G,59,0.899414,81,194.148749,46384
278,17792,196.121320,3,G,1,in tune,11,0.780725,0,196.121320,3,G,11,0.780725,82,194.660742,39972
279,17856,195.951429,255,unknown,4,unknown,-4,0.663979,0,195.951429,3,G,-4,0.663979,82,191.970859,39506
280,17920,195.777967,255,unknown,4,unknown,-20,0.555004,0,195.777967,3,G,-20,0.555004,82,202.243647,38285
281,17984,195.832890,3,G,1,in tune,-15,0.757484,0,195.832890,3,G,-15,0.757484,82,194.652776,37810
282,18048,195.998647,3,G,1,in tune,0,0.719541,0,195.998647,3,G,0,0.719541,82,294.827941,37182
283,18112,97.988409,1,A,2,flat,-1890,0.977278,0,97.988409,1,A,-1890,0.977278,163,295.295119,31467
284,18176,144.509000,255,unknown,4,unknown,-274,0.563031,0,144.509000,2,D,-274,0.563031,111,146.837852,31467
285,18240,145.595299,2,D,2,flat,-146,0.743922,0,145.595299,2,D,-146,0.743922,110,146.728879,40824
286,18304,146.012240,2,D,2,flat,-96,0.829184,0,146.012240,2,D,-96,0.829184,110,195.720633,40824
287,18368,193.488065,255,unknown,4,unknown,-222,0.488093,0,193.488065,3,G,-222,0.488093,83,194.974999,40824
288,18432,194.621781,3,G,2,flat,-122,0.895900,0,194.621781,3,G,-122,0.895900,82,193.750261,40824
289,18496,194.137770,3,G,2,flat,-164,0.857289,0,194.137770,3,G,-164,0.857289,82,192.670544,39456
290,18560,191.788619,255,unknown,4,unknown,-372,0.627291,0,191.788619,3,G,-372,0.627291,83,191.403694,28320
291,18624,97.670618,255,unknown,4,unknown,-1940,0.643998,0,97.670618,1,A,-1940,0.643998,164,192.654396,28320
292,18688,194.004545,3,G,2,flat,-176,0.728294,0,194.004545,3,G,-176,0.728294,82,195.621238,28320
293,18752,192.576179,255,unknown,4,unknown,-302,0.692095,0,192.576179,3,G,-302,0.692095,83,147.337203,28320
294,18816,189.322220,255,unknown,4,unknown,-590,0.553506,0,189.322220,3,G,-590,0.553506,85,195.511884,22506
295,18880,190.900257,255,unknown,4,unknown,-450,0.573282,0,190.900257,3,G,-450,0.573282,84,162.720065,21938
296,18944,192.852749,3,G,2,flat,-278,0.746742,0,192.852749,3,G,-278,0.746742,83,391.541562,19895
297,19008,194.337145,3,G,2,flat,-147,0.818919,0,194.337145,3,G,-147,0.818919,82,391.493277,17571
298,19072,194.947589,3,G,2,flat,-93,0.891590,0,194.947589,3,G,-93,0.891590,82,391.495343,16817
299,19136,195.249607,3,G,2,flat,-66,0.916792,0,195.249607,3,G,-66,0.916792,82,391.506814,18147
300,19200,195.330173,3,G,2,flat,-59,0.947472,0,195.330173,3,G,-59,0.947472,82,391.477771,18043
301,19264,195.491813,3,G,1,in tune,-45,0.948034,0,195.491813,3,G,-45,0.948034,82,391.433683,25866
302,19328,195.522257,3,G,1,in tune,-42,0.956025,0,195.522257,3,G,-42,0.956025,82,390.975526,25866
303,19392,193.277330,255,unknown,4,unknown,-240,0.517872,0,193.277330,3,G,-240,0.517872,83,131.594344,25866
304,19456,131.030406,2,D,2,flat,-1863,0.841045,0,131.030406,2,D,-1863,0.841045,122,131.124240,25866
305,19520,131.029961,2,D,2,flat,-1863,0.987591,0,131.029961,2,D,-1863,0.987591,122,130.890640,23626
306,19584,130.886767,2,D,2,flat,-1880,0.978009,0,130.886767,2,D,-1880,0.978009,122,130.842114,23879
307,19648,130.872264,2,D,2,flat,-1882,0.958548,0,130.872264,2,D,-1882,0.958548,122,130.787701,24970
308,19712,130.804518,2,D,2,flat,-1890,0.954666,0,130.804518,2,D,-1890,0.954666,122,130.757565,24970
309,19776,130.726730,2,D,2,flat,-1899,0.850701,0,130.726730,2,D,-1899,0.850701,122,130.696156,24970
310,19840,130.678921,2,D,2,flat,-1904,0.820434,0,130.678921,2,D,-1904,0.820434,122,130.601738,24911
311,19904,130.812422,2,D,2,flat,-1889,1.012251,0,130.812422,2,D,-1889,1.012251,122,130.515921,46395
312,19968,130.779662,2,D,2,flat,-1892,0.990888,0,130.779662,2,D,-1892,0.990888,122,196.832371,46395
313,20032,197.147195,3,G,3,sharp,101,0.860522,0,197.147195,3,G,101,0.860522,81,196.033124,46395
314,20096,197.149657,3,G,3,sharp,102,0.908417,0,197.149657,3,G,102,0.908417,81,195.022413,46395
315,20160,196.988939,3,G,3,sharp,87,0.784800,0,196.988939,3,G,87,0.784800,81,194.906210,46395
316,20224,197.256100,255,unknown,4,unknown,111,0.626536,0,197.256100,3,G,111,0.626536,81,198.071694,43282
317,20288,197.164360,255,unknown,4,unknown,103,0.370368,0,197.164360,3,G,103,0.370368,81,391.323886,38610
318,20352,246.817381,255,unknown,4,unknown,-9,0.460535,0,246.817381,4,B,-9,0.460535,65,391.402561,30520
319,20416,364.587773,255,unknown,4,unknown,1836,0.621723,0,364.587773,5,high E,1836,0.621723,44,389.636110,21822
320,20480,365.587114,5,high E,3,sharp,1888,0.729094,0,365.587114,5,high E,1888,0.729094,44,73.307029,10004
321,20544,385.799382,255,unknown,4,unknown,2950,0.620283,0,385.799382,5,high E,2950,0.620283,41,71.511325,2374
322,20608,386.692742,255,unknown,4,unknown,2997,0.512434,0,386.692742,5,high E,2997,0.512434,41,208.050069,7673
323,20672,223.323839,255,unknown,4,unknown,-1656,0.524557,0,223.323839,4,B,-1656,0.524557,72,219.455603,7847
324,20736,109.461928,1,A,2,flat,-85,0.858082,0,109.461928,1,A,-85,0.858082,146,219.879722,10813
325,20800,109.963176,1,A,1,in tune,-6,0.957148,0,109.963176,1,A,-6,0.957148,146,219.594734,10813
326,20864,109.359915,1,A,2,flat,-101,0.898574,0,109.359915,1,A,-101,0.898574,146,218.065640,10813
327,20928,108.996499,255,unknown,4,unknown,-158,0.661641,0,108.996499,1,A,-158,0.661641,147,207.026862,10813
328,20992,195.809923,255,unknown,4,unknown,-17,0.483290,0,195.809923,3,G,-17,0.483290,82,193.536399,43251
329,21056,196.523028,255,unknown,4,unknown,46,0.559662,0,196.523028,3,G,46,0.559662,81,198.769097,46395
330,21120,195.578202,255,unknown,4,unknown,-37,0.574017,0,195.578202,3,G,-37,0.574017,82,197.824655,46395
331,21184,197.039929,3,G,3,sharp,92,0.913711,0,197.039929,3,G,92,0.913711,81,195.898610,46395
332,21248,196.496130,3,G,1,in tune,44,0.883453,0,196.496130,3,G,44,0.883453,81,195.131410,46395
333,21312,194.841344,3,G,2,flat,-102,0.815542,0,194.841344,3,G,-102,0.815542,82,195.192144,42425
334,21376,195.418101,3,G,2,flat,-51,0.775495,0,195.418101,3,G,-51,0.775495,82,195.428209,39789
335,21440,195.140078,255,unknown,4,unknown,-76,0.673069,0,195.140078,3,G,-76,0.673069,82,164.753460,36799
336,21504,194.315020,255,unknown,4,unknown,-149,0.519160,0,194.315020,3,G,-149,0.519160,82,164.665088,31707
337,21568,194.311794,255,unknown,4,unknown,-149,0.474372,0,194.311794,3,G,-149,0.474372,82,164.670185,31619
338,21632,194.563311,255,unknown,4,unknown,-127,0.530228,0,194.563311,3,G,-127,0.530228,82,196.548039,32877
339,21696,195.359301,255,unknown,4,unknown,-57,0.661511,0,195.359301,3,G,-57,0.661511,82,196.235957,32877
340,21760,196.810984,3,G,3,sharp,72,0.860404,0,196.810984,3,G,72,0.860404,81,195.793656,32877
341,21824,197.686935,3,G,3,sharp,149,0.852022,0,197.686935,3,G,149,0.852022,81,195.074013,32069
342,21888,198.077469,255,unknown,4,unknown,183,0.581089,0,198.077469,3,G,183,0.581089,81,194.779103,26496
343,21952,112.364109,255,unknown,4,unknown,372,0.423306,0,112.364109,1,A,372,0.423306,142,146.816821,26496
344,22016,113.100896,255,unknown,4,unknown,488,0.397768,0,113.100896,1,A,488,0.397768,141,146.858285,26496
345,22080,73.478877,255,unknown,4,unknown,-1876,0.459489,0,73.478877,0,low E,-1876,0.459489,218,146.950421,30949
346,22144,147.285870,255,unknown,4,unknown,54,0.663141,0,147.285870,2,D,54,0.663141,109,145.926443,38959
347,22208,196.860583,255,unknown,4,unknown,76,0.311859,0,196.860583,3,G,76,0.311859,81,247.967448,38959
348,22272,251.973144,255,unknown,4,unknown,353,0.344883,0,251.973144,4,B,353,0.344883,63,247.955723,38959
349,22336,249.546780,255,unknown,4,unknown,183,0.493621,0,249.546780,4,B,183,0.493621,64,247.631036,38914
350,22400,249.926090,255,unknown,4,unknown,209,0.654891,0,249.926090,4,B,209,0.654891,64,247.466314,35045
351,22464,249.728370,4,B,3,sharp,195,0.748662,0,249.728370,4,B,195,0.748662,64,247.377827,35045
352,22528,249.425204,4,B,3,sharp,174,0.802113,0,249.425204,4,B,174,0.802113,64,247.246929,34974
353,22592,249.145672,4,B,3,sharp,155,0.833657,0,249.145672,4,B,155,0.833657,64,247.128806,32265
354,22656,248.759759,4,B,3,sharp,128,0.861705,0,248.759759,4,B,128,0.861705,64,247.085096,32265
355,22720,248.404130,4,B,3,sharp,103,0.882925,0,248.404130,4,B,103,0.882925,64,246.818895,31993
356,22784,248.096290,4,B,3,sharp,81,0.898317,0,248.096290,4,B,81,0.898317,64,246.421623,29108
357,22848,247.770642,4,B,3,sharp,58,0.902924,0,247.770642,4,B,58,0.902924,65,246.186564,28439
358,22912,247.435723,4,B,1,in tune,35,0.905646,0,247.435723,4,B,35,0.905646,65,246.240134,31105
359,22976,247.160825,4,B,1,in tune,15,0.906520,0,247.160825,4,B,15,0.906520,65,246.241860,31105
360,23040,247.549033,4,B,1,in tune,43,0.821757,0,247.549033,4,B,43,0.821757,65,246.163215,31105
361,23104,247.719360,4,B,3,sharp,55,0.774640,0,247.719360,4,B,55,0.774640,65,246.156691,31105
362,23168,246.675908,4,B,1,in tune,-19,0.874197,0,246.675908,4,B,-19,0.874197,65,246.199357,26333
363,23232,246.545051,4,B,1,in tune,-28,0.890011,0,246.545051,4,B,-28,0.890011,65,246.159668,25859
364,23296,246.324855,4,B,1,in tune,-43,0.881828,0,246.324855,4,B,-43,0.881828,65,246.130022,26304
365,23360,246.210909,4,B,2,flat,-51,0.866718,0,246.210909,4,B,-51,0.866718,65,246.099386,26086
366,23424,246.079436,4,B,2,flat,-60,0.831108,0,246.079436,4,B,-60,0.831108,65,246.086670,26086
367,23488,245.706755,4,B,2,flat,-86,0.783244,0,245.706755,4,B,-86,0.783244,65,246.087177,24874
368,23552,245.628520,4,B,2,flat,-92,0.762841,0,245.628520,4,B,-92,0.762841,65,246.089286,23581
369,23616,245.639242,4,B,2,flat,-91,0.756420,0,245.639242,4,B,-91,0.756420,65,246.111220,24009
370,23680,245.662612,4,B,2,flat,-90,0.716767,0,245.662612,4,B,-90,0.716767,65,246.168002,23830
371,23744,245.803830,255,unknown,4,unknown,-80,0.683666,0,245.803830,4,B,-80,0.683666,65,246.181718,23791
372,23808,245.760343,255,unknown,4,unknown,-83,0.665658,0,245.760343,4,B,-83,0.665658,65,246.152828,23271
373,23872,245.882204,255,unknown,4,unknown,-74,0.641091,0,245.882204,4,B,-74,0.641091,65,246.136999,21554
374,23936,245.533375,255,unknown,4,unknown,-99,0.615029,0,245.533375,4,B,-99,0.615029,65,246.128322,21529
375,24000,130.656065,255,unknown,4,unknown,-1907,0.629360,0,130.656065,2,D,-1907,0.629360,122,246.113203,20951
376,24064,130.679719,255,unknown,4,unknown,-1904,0.626409,0,130.679719,2,D,-1904,0.626409,122,246.086654,20951
377,24128,123.264810,1,A,3,sharp,2088,0.819893,0,123.264810,1,A,2088,0.819893,130,246.113631,20951
378,24192,123.263721,1,A,3,sharp,2088,0.815616,0,123.263721,1,A,2088,0.815616,130,246.115352,20180
379,24256,131.026373,255,unknown,4,unknown,-1863,0.578145,0,131.026373,2,D,-1863,0.578145,122,246.130331,20180
380,24320,131.244694,255,unknown,4,unknown,-1838,0.547059,0,131.244694,2,D,-1838,0.547059,122,246.125367,19744
381,24384,131.506522,255,unknown,4,unknown,-1807,0.522632,0,131.506522,2,D,-1807,0.522632,122,246.138037,19073
382,24448,131.655136,255,unknown,4,unknown,-1789,0.525372,0,131.655136,2,D,-1789,0.525372,122,246.178187,18473
383,24512,131.723427,255,unknown,4,unknown,-1781,0.572484,0,131.723427,2,D,-1781,0.572484,121,246.174174,18473
384,24576,131.687255,255,unknown,4,unknown,-1785,0.567837,0,131.687255,2,D,-1785,0.567837,121,246.124546,18597
385,24640,131.621056,255,unknown,4,unknown,-1793,0.579271,0,131.621056,2,D,-1793,0.579271,122,246.175077,17732
386,24704,131.363659,255,unknown,4,unknown,-1824,0.589447,0,131.363659,2,D,-1824,0.589447,122,246.149097,17607
387,24768,131.173839,255,unknown,4,unknown,-1846,0.574971,0,131.173839,2,D,-1846,0.574971,122,246.129611,17754
388,24832,131.138869,255,unknown,4,unknown,-1850,0.551932,0,131.138869,2,D,-1850,0.551932,122,246.169183,17503
389,24896,131.095272,255,unknown,4,unknown,-1855,0.490216,0,131.095272,2,D,-1855,0.490216,122,246.168518,17238
390,24960,131.121947,255,unknown,4,unknown,-1852,0.525354,0,131.121947,2,D,-1852,0.525354,122,246.136477,16703
391,25024,131.031692,255,unknown,4,unknown,-1863,0.540366,0,131.031692,2,D,-1863,0.540366,122,246.167706,15317
392,25088,131.094797,255,unknown,4,unknown,-1855,0.497010,0,131.094797,2,D,-1855,0.497010,122,146.212951,15317
393,25152,131.107702,255,unknown,4,unknown,-1854,0.465030,0,131.107702,2,D,-1854,0.465030,122,146.062575,15179
394,25216,131.103208,255,unknown,4,unknown,-1854,0.404047,0,131.103208,2,D,-1854,0.404047,122,145.710901,15179
395,25280,131.150757,255,unknown,4,unknown,-1849,0.410510,0,131.150757,2,D,-1849,0.410510,122,146.072989,15983
396,25344,131.462518,255,unknown,4,unknown,-1812,0.371362,0,131.462518,2,D,-1812,0.371362,122,146.301461,15983
397,25408,155.949052,255,unknown,4,unknown,1075,0.364122,0,155.949052,2,D,1075,0.364122,103,145.858423,14535
398,25472,155.705884,255,unknown,4,unknown,1047,0.397051,0,155.705884,2,D,1047,0.397051,103,145.732234,13854
399,25536,155.818991,255,unknown,4,unknown,1060,0.414962,0,155.818991,2,D,1060,0.414962,103,146.382280,13148
400,25600,155.673075,255,unknown,4,unknown,1043,0.375796,0,155.673075,2,D,1043,0.375796,103,146.433687,12722
401,25664,155.634175,255,unknown,4,unknown,1038,0.368033,0,155.634175,2,D,1038,0.368033,103,145.891594,14291
402,25728,130.924670,255,unknown,4,unknown,-1875,0.419437,0,130.924670,2,D,-1875,0.419437,122,145.897136,15878
