"index","sample","centered"
"0","141","2"
"1","141","2"
"2","139","0"
"3","139","0"
"4","141","2"
"5","141","2"
"6","141","2"
"7","141","2"
"8","138","-1"
"9","141","2"
"10","139","0"
"11","139","0"
"12","141","2"
"13","141","2"
"14","139","0"
"15","139","0"
"16","140","1"
"17","139","0"
"18","140","1"
"19","141","2"
"20","132","-7"
"21","139","0"
"22","139","0"
"23","140","1"
"24","140","1"
"25","139","0"
"26","141","2"
"27","141","2"
"28","138","-1"
"29","138","-1"
"30","141","2"
"31","141","2"
"32","138","-1"
"33","138","-1"
"34","138","-1"
"35","139","0"
"36","141","2"
"37","141","2"
"38","139","0"
"39","141","2"
"40","135","-4"
"41","138","-1"
"42","139","0"
"43","139","0"
"44","139","0"
"45","138","-1"
"46","141","2"
"47","141","2"
"48","141","2"
"49","141","2"
"50","138","-1"
"51","138","-1"
"52","139","0"
"53","138","-1"
"54","139","0"
"55","138","-1"
"56","138","-1"
"57","140","1"
"58","138","-1"
"59","140","1"
"60","139","0"
"61","139","0"
"62","140","1"
"63","140","1"
"64","139","0"
"65","140","1"
"66","140","1"
"67","141","2"
"68","138","-1"
"69","138","-1"
"70","138","-1"
"71","138","-1"
"72","141","2"
"73","140","1"
"74","139","0"
"75","141","2"
"76","138","-1"
"77","137","-2"
"78","141","2"
"79","141","2"
"80","139","0"
"81","139","0"
"82","138","-1"
"83","140","1"
"84","141","2"
"85","141","2"
"86","141","2"
"87","140","1"
"88","138","-1"
"89","141","2"
"90","138","-1"
"91","138","-1"
"92","141","2"
"93","141","2"
"94","139","0"
"95","141","2"
"96","138","-1"
"97","138","-1"
"98","138","-1"
"99","141","2"
"100","138","-1"
"101","138","-1"
"102","140","1"
"103","139","0"
"104","138","-1"
"105","138","-1"
"106","140","1"
"107","140","1"
"108","137","-2"
"109","140","1"
"110","138","-1"
"111","139","0"
"112","140","1"
"113","140","1"
"114","141","2"
"115","140","1"
"116","138","-1"
"117","138","-1"
"118","140","1"
"119","138","-1"
"120","140","1"
"121","141","2"
"122","140","1"
"123","140","1"
"124","138","-1"
"125","141","2"
"126","138","-1"
"127","140","1"
"128","141","2"
"129","139","0"
"130","140","1"
"131","142","3"
"132","138","-1"
"133","139","0"
"134","141","2"
"135","142","3"
"136","139","0"
"137","139","0"
"138","141","2"
"139","142","3"
"140","138","-1"
"141","139","0"
"142","141","2"
"143","141","2"
"144","141","2"
"145","141","2"
"146","138","-1"
"147","141","2"
"148","139","0"
"149","139","0"
"150","142","3"
"151","141","2"
"152","139","0"
"153","139","0"
"154","141","2"
"155","141","2"
"156","141","2"
"157","141","2"
"158","140","1"
"159","138","-1"
"160","139","0"
"161","134","-5"
"162","140","1"
"163","141","2"
"164","140","1"
"165","139","0"
"166","141","2"
"167","142","3"
"168","139","0"
"169","139","0"
"170","142","3"
"171","139","0"
"172","141","2"
"173","142","3"
"174","138","-1"
"175","139","0"
"176","141","2"
"177","141","2"
"178","141","2"
"179","141","2"
"180","139","0"
"181","137","-2"
"182","141","2"
"183","142","3"
"184","144","5"
"185","139","0"
"186","141","2"
"187","140","1"
"188","140","1"
"189","139","0"
"190","141","2"
"191","141","2"
"192","139","0"
"193","138","-1"
"194","139","0"
"195","139","0"
"196","141","2"
"197","142","3"
"198","138","-1"
"199","139","0"
"200","142","3"
"201","142","3"
"202","138","-1"
"203","138","-1"
"204","141","2"
"205","142","3"
"206","139","0"
"207","141","2"
"208","139","0"
"209","139","0"
"210","141","2"
"211","149","10"
"212","139","0"
"213","137","-2"
"214","140","1"
"215","139","0"
"216","138","-1"
"217","139","0"
"218","142","3"
"219","141","2"
"220","138","-1"
"221","139","0"
"222","139","0"
"223","140","1"
"224","138","-1"
"225","139","0"
"226","139","0"
"227","139","0"
"228","139","0"
"229","138","-1"
"230","141","2"
"231","138","-1"
"232","141","2"
"233","139","0"
"234","141","2"
"235","140","1"
"236","140","1"
"237","141","2"
"238","141","2"
"239","139","0"
"240","141","2"
"241","139","0"
"242","141","2"
"243","139","0"
"244","141","2"
"245","138","-1"
"246","140","1"
"247","138","-1"
"248","139","0"
"249","138","-1"
"250","140","1"
"251","138","-1"
"252","139","0"
"253","141","2"
"254","138","-1"
"255","142","3"
"256","141","2"
"257","139","0"
"258","139","0"
"259","142","3"
"260","141","2"
"261","140","1"
"262","141","2"
"263","141","2"
"264","140","1"
"265","141","2"
"266","138","-1"
"267","142","3"
"268","138","-1"
"269","141","2"
"270","141","2"
"271","140","1"
"272","141","2"
"273","139","0"
"274","139","0"
"275","139","0"
"276","138","-1"
"277","138","-1"
"278","139","0"
"279","141","2"
"280","140","1"
"281","140","1"
"282","140","1"
"283","139","0"
"284","139","0"
"285","141","2"
"286","141","2"
"287","138","-1"
"288","139","0"
"289","141","2"
"290","136","-3"
"291","138","-1"
"292","139","0"
"293","141","2"
"294","140","1"
"295","139","0"
"296","142","3"
"297","138","-1"
"298","142","3"
"299","138","-1"
"300","139","0"
"301","146","7"
"302","138","-1"
"303","142","3"
"304","140","1"
"305","141","2"
"306","146","7"
"307","141","2"
"308","139","0"
"309","144","5"
"310","141","2"
"311","139","0"
"312","140","1"
"313","139","0"
"314","141","2"
"315","138","-1"
"316","141","2"
"317","141","2"
"318","140","1"
"319","138","-1"
"320","138","-1"
"321","140","1"
"322","138","-1"
"323","140","1"
"324","138","-1"
"325","141","2"
"326","137","-2"
"327","141","2"
"328","138","-1"
"329","141","2"
"330","138","-1"
"331","139","0"
"332","141","2"
"333","142","3"
"334","140","1"
"335","140","1"
"336","140","1"
"337","138","-1"
"338","142","3"
"339","138","-1"
"340","138","-1"
"341","140","1"
"342","138","-1"
"343","141","2"
"344","138","-1"
"345","138","-1"
"346","141","2"
"347","139","0"
"348","140","1"
"349","142","3"
"350","140","1"
"351","141","2"
"352","138","-1"
"353","140","1"
"354","139","0"
"355","138","-1"
"356","141","2"
"357","139","0"
"358","140","1"
"359","140","1"
"360","138","-1"
"361","141","2"
"362","139","0"
"363","141","2"
"364","139","0"
"365","139","0"
"366","140","1"
"367","141","2"
"368","138","-1"
"369","138","-1"
"370","140","1"
"371","141","2"
"372","138","-1"
"373","138","-1"
"374","141","2"
"375","137","-2"
"376","140","1"
"377","141","2"
"378","138","-1"
"379","138","-1"
"380","141","2"
"381","140","1"
"382","137","-2"
"383","138","-1"
"384","140","1"
"385","141","2"
"386","142","3"
"387","141","2"
"388","139","0"
"389","139","0"
"390","141","2"
"391","136","-3"
"392","141","2"
"393","140","1"
"394","139","0"
"395","138","-1"
"396","141","2"
"397","141","2"
"398","139","0"
"399","138","-1"
"400","139","0"
"401","139","0"
"402","141","2"
"403","141","2"
"404","140","1"
"405","138","-1"
"406","141","2"
"407","144","5"
"408","141","2"
"409","141","2"
"410","138","-1"
"411","141","2"
"412","142","3"
"413","138","-1"
"414","142","3"
"415","136","-3"
"416","141","2"
"417","139","0"
"418","141","2"
"419","140","1"
"420","140","1"
"421","142","3"
"422","142","3"
"423","139","0"
"424","139","0"
"425","140","1"
"426","140","1"
"427","141","2"
"428","138","-1"
"429","141","2"
"430","142","3"
"431","142","3"
"432","138","-1"
"433","140","1"
"434","138","-1"
"435","138","-1"
"436","144","5"
"437","138","-1"
"438","141","2"
"439","139","0"
"440","140","1"
"441","142","3"
"442","141","2"
"443","141","2"
"444","138","-1"
"445","141","2"
"446","139","0"
"447","141","2"
"448","142","3"
"449","139","0"
"450","141","2"
"451","141","2"
"452","139","0"
"453","141","2"
"454","138","-1"
"455","141","2"
"456","138","-1"
"457","138","-1"
"458","141","2"
"459","139","0"
"460","141","2"
"461","140","1"
"462","139","0"
"463","139","0"
"464","139","0"
"465","138","-1"
"466","140","1"
"467","139","0"
"468","140","1"
"469","141","2"
"470","138","-1"
"471","139","0"
"472","141","2"
"473","141","2"
"474","141","2"
"475","141","2"
"476","139","0"
"477","139","0"
"478","139","0"
"479","138","-1"
"480","146","7"
"481","145","6"
"482","139","0"
"483","142","3"
"484","139","0"
"485","140","1"
"486","139","0"
"487","139","0"
"488","142","3"
"489","141","2"
"490","142","3"
"491","142","3"
"492","139","0"
"493","139","0"
"494","142","3"
"495","140","1"
"496","142","3"
"497","142","3"
"498","141","2"
"499","142","3"
"500","141","2"
"501","141","2"
"502","141","2"
"503","141","2"
"504","139","0"
"505","139","0"
"506","139","0"
"507","141","2"
"508","141","2"
"509","142","3"
"510","139","0"
"511","139","0"
"512","142","3"
"513","142","3"
"514","138","-1"
"515","139","0"
"516","141","2"
"517","142","3"
"518","140","1"
"519","141","2"
"520","139","0"
"521","139","0"
"522","142","3"
"523","142","3"
"524","139","0"
"525","141","2"
"526","139","0"
"527","139","0"
"528","141","2"
"529","141","2"
"530","139","0"
"531","139","0"
"532","141","2"
"533","140","1"
"534","139","0"
"535","140","1"
"536","140","1"
"537","138","-1"
"538","139","0"
"539","140","1"
"540","142","3"
"541","140","1"
"542","141","2"
"543","140","1"
"544","140","1"
"545","139","0"
"546","142","3"
"547","142","3"
"548","140","1"
"549","141","2"
"550","138","-1"
"551","141","2"
"552","139","0"
"553","138","-1"
"554","140","1"
"555","139","0"
"556","141","2"
"557","139","0"
"558","142","3"
"559","141","2"
"560","139","0"
"561","138","-1"
"562","140","1"
"563","138","-1"
"564","141","2"
"565","142","3"
"566","139","0"
"567","140","1"
"568","139","0"
"569","139","0"
"570","139","0"
"571","139","0"
"572","140","1"
"573","139","0"
"574","142","3"
"575","138","-1"
"576","141","2"
"577","138","-1"
"578","140","1"
"579","138","-1"
"580","139","0"
"581","141","2"
"582","139","0"
"583","141","2"
"584","140","1"
"585","141","2"
"586","140","1"
"587","141","2"
"588","141","2"
"589","138","-1"
"590","141","2"
"591","139","0"
"592","141","2"
"593","139","0"
"594","141","2"
"595","141","2"
"596","140","1"
"597","141","2"
"598","140","1"
"599","138","-1"
"600","139","0"
"601","138","-1"
"602","142","3"
"603","139","0"
"604","140","1"
"605","141","2"
"606","139","0"
"607","138","-1"
"608","141","2"
"609","141","2"
"610","139","0"
"611","138","-1"
"612","140","1"
"613","138","-1"
"614","141","2"
"615","138","-1"
"616","141","2"
"617","139","0"
"618","141","2"
"619","139","0"
"620","140","1"
"621","142","3"
"622","138","-1"
"623","139","0"
"624","141","2"
"625","139","0"
"626","141","2"
"627","139","0"
"628","141","2"
"629","141","2"
"630","138","-1"
"631","138","-1"
"632","142","3"
"633","140","1"
"634","140","1"
"635","141","2"
"636","139","0"
"637","139","0"
"638","141","2"
"639","139","0"
"640","140","1"
"641","141","2"
"642","138","-1"
"643","140","1"
"644","139","0"
"645","138","-1"
"646","141","2"
"647","141","2"
"648","138","-1"
"649","139","0"
"650","140","1"
"651","149","10"
"652","141","2"
"653","139","0"
"654","140","1"
"655","141","2"
"656","138","-1"
"657","139","0"
"658","141","2"
"659","141","2"
"660","139","0"
"661","140","1"
"662","139","0"
"663","139","0"
"664","140","1"
"665","140","1"
"666","141","2"
"667","139","0"
"668","141","2"
"669","141","2"
"670","138","-1"
"671","141","2"
"672","138","-1"
"673","141","2"
"674","138","-1"
"675","139","0"
"676","138","-1"
"677","138","-1"
"678","141","2"
"679","140","1"
"680","140","1"
"681","140","1"
"682","138","-1"
"683","139","0"
"684","140","1"
"685","139","0"
"686","140","1"
"687","148","9"
"688","139","0"
"689","139","0"
"690","138","-1"
"691","138","-1"
"692","141","2"
"693","140","1"
"694","140","1"
"695","141","2"
"696","138","-1"
"697","138","-1"
"698","141","2"
"699","138","-1"
"700","141","2"
"701","138","-1"
"702","141","2"
"703","139","0"
"704","141","2"
"705","140","1"
"706","138","-1"
"707","138","-1"
"708","141","2"
"709","139","0"
"710","141","2"
"711","139","0"
"712","140","1"
"713","141","2"
"714","139","0"
"715","138","-1"
"716","141","2"
"717","139","0"
"718","138","-1"
"719","139","0"
"720","141","2"
"721","139","0"
"722","140","1"
"723","140","1"
"724","139","0"
"725","138","-1"
"726","141","2"
"727","139","0"
"728","141","2"
"729","142","3"
"730","141","2"
"731","140","1"
"732","138","-1"
"733","139","0"
"734","141","2"
"735","141","2"
"736","139","0"
"737","139","0"
"738","140","1"
"739","141","2"
"740","138","-1"
"741","137","-2"
"742","141","2"
"743","139","0"
"744","141","2"
"745","141","2"
"746","138","-1"
"747","140","1"
"748","139","0"
"749","137","-2"
"750","139","0"
"751","138","-1"
"752","139","0"
"753","140","1"
"754","139","0"
"755","138","-1"
"756","139","0"
"757","139","0"
"758","141","2"
"759","141","2"
"760","139","0"
"761","139","0"
"762","139","0"
"763","139","0"
"764","140","1"
"765","142","3"
"766","139","0"
"767","138","-1"
"768","141","2"
"769","139","0"
"770","141","2"
"771","141","2"
"772","139","0"
"773","136","-3"
"774","139","0"
"775","141","2"
"776","138","-1"
"777","140","1"
"778","140","1"
"779","142","3"
"780","139","0"
"781","138","-1"
"782","139","0"
"783","139","0"
"784","138","-1"
"785","139","0"
"786","138","-1"
"787","140","1"
"788","140","1"
"789","137","-2"
"790","140","1"
"791","146","7"
"792","142","3"
"793","139","0"
"794","140","1"
"795","139","0"
"796","138","-1"
"797","138","-1"
"798","139","0"
"799","138","-1"
"800","141","2"
"801","141","2"
"802","138","-1"
"803","141","2"
"804","139","0"
"805","133","-6"
"806","138","-1"
"807","139","0"
"808","141","2"
"809","138","-1"
"810","141","2"
"811","142","3"
"812","140","1"
"813","141","2"
"814","139","0"
"815","139","0"
"816","138","-1"
"817","141","2"
"818","138","-1"
"819","139","0"
"820","141","2"
"821","139","0"
"822","139","0"
"823","141","2"
"824","138","-1"
"825","139","0"
"826","141","2"
"827","138","-1"
"828","139","0"
"829","139","0"
"830","138","-1"
"831","136","-3"
"832","141","2"
"833","138","-1"
"834","142","3"
"835","139","0"
"836","141","2"
"837","140","1"
"838","140","1"
"839","138","-1"
"840","141","2"
"841","140","1"
"842","141","2"
"843","142","3"
"844","141","2"
"845","138","-1"
"846","139","0"
"847","139","0"
"848","141","2"
"849","139","0"
"850","140","1"
"851","138","-1"
"852","141","2"
"853","139","0"
"854","138","-1"
"855","139","0"
"856","141","2"
"857","138","-1"
"858","139","0"
"859","140","1"
"860","141","2"
"861","140","1"
"862","139","0"
"863","139","0"
"864","141","2"
"865","141","2"
"866","142","3"
"867","141","2"
"868","141","2"
"869","142","3"
"870","139","0"
"871","139","0"
"872","141","2"
"873","141","2"
"874","140","1"
"875","140","1"
"876","141","2"
"877","142","3"
"878","140","1"
"879","138","-1"
"880","144","5"
"881","141","2"
"882","142","3"
"883","142","3"
"884","138","-1"
"885","140","1"
"886","141","2"
"887","141","2"
"888","141","2"
"889","140","1"
"890","139","0"
"891","141","2"
"892","139","0"
"893","138","-1"
"894","139","0"
"895","139","0"
"896","139","0"
"897","139","0"
"898","141","2"
"899","142","3"
"900","141","2"
"901","142","3"
"902","138","-1"
"903","140","1"
"904","142","3"
"905","141","2"
"906","139","0"
"907","138","-1"
"908","141","2"
"909","142","3"
"910","139","0"
"911","141","2"
"912","140","1"
"913","140","1"
"914","141","2"
"915","141","2"
"916","139","0"
"917","139","0"
"918","141","2"
"919","142","3"
"920","140","1"
"921","141","2"
"922","139","0"
"923","141","2"
"924","139","0"
"925","138","-1"
"926","142","3"
"927","139","0"
"928","141","2"
"929","141","2"
"930","138","-1"
"931","141","2"
"932","138","-1"
"933","141","2"
"934","139","0"
"935","140","1"
"936","139","0"
"937","138","-1"
"938","141","2"
"939","139","0"
"940","141","2"
"941","141","2"
"942","140","1"
"943","140","1"
"944","141","2"
"945","138","-1"
"946","143","4"
"947","139","0"
"948","141","2"
"949","141","2"
"950","139","0"
"951","139","0"
"952","142","3"
"953","142","3"
"954","141","2"
"955","141","2"
"956","139","0"
"957","138","-1"
"958","141","2"
"959","141","2"
"960","139","0"
"961","139","0"
"962","141","2"
"963","141","2"
"964","138","-1"
"965","138","-1"
"966","141","2"
"967","140","1"
"968","140","1"
"969","138","-1"
"970","141","2"
"971","140","1"
"972","140","1"
"973","140","1"
"974","140","1"
"975","139","0"
"976","141","2"
"977","140","1"
"978","138","-1"
"979","139","0"
"980","141","2"
"981","140","1"
"982","141","2"
"983","141","2"
"984","139","0"
"985","138","-1"
"986","138","-1"
"987","140","1"
"988","141","2"
"989","141","2"
"990","139","0"
"991","139","0"
"992","138","-1"
"993","139","0"
"994","140","1"
"995","134","-5"
"996","141","2"
"997","141","2"
"998","139","0"
"999","139","0"
"1000","141","2"
"1001","141","2"
"1002","138","-1"
"1003","142","3"
"1004","138","-1"
"1005","138","-1"
"1006","141","2"
"1007","141","2"
"1008","139","0"
"1009","139","0"
"1010","141","2"
"1011","141","2"
"1012","139","0"
"1013","138","-1"
"1014","141","2"
"1015","139","0"
"1016","141","2"
"1017","142","3"
"1018","141","2"
"1019","141","2"
"1020","138","-1"
"1021","141","2"
"1022","139","0"
"1023","139","0"
"1024","138","-1"
"1025","138","-1"
"1026","140","1"
"1027","141","2"
"1028","137","-2"
"1029","140","1"
"1030","139","0"
"1031","138","-1"
"1032","141","2"
"1033","139","0"
"1034","141","2"
"1035","142","3"
"1036","140","1"
"1037","141","2"
"1038","141","2"
"1039","141","2"
"1040","138","-1"
"1041","136","-3"
"1042","139","0"
"1043","138","-1"
"1044","139","0"
"1045","139","0"
"1046","141","2"
"1047","141","2"
"1048","138","-1"
"1049","138","-1"
"1050","141","2"
"1051","141","2"
"1052","141","2"
"1053","141","2"
"1054","140","1"
"1055","140","1"
"1056","139","0"
"1057","138","-1"
"1058","141","2"
"1059","141","2"
"1060","139","0"
"1061","140","1"
"1062","139","0"
"1063","138","-1"
"1064","139","0"
"1065","140","1"
"1066","139","0"
"1067","140","1"
"1068","138","-1"
"1069","141","2"
"1070","139","0"
"1071","141","2"
"1072","140","1"
"1073","142","3"
"1074","141","2"
"1075","139","0"
"1076","141","2"
"1077","140","1"
"1078","140","1"
"1079","141","2"
"1080","141","2"
"1081","139","0"
"1082","141","2"
"1083","138","-1"
"1084","139","0"
"1085","141","2"
"1086","138","-1"
"1087","141","2"
"1088","138","-1"
"1089","141","2"
"1090","138","-1"
"1091","141","2"
"1092","139","0"
"1093","139","0"
"1094","139","0"
"1095","141","2"
"1096","138","-1"
"1097","140","1"
"1098","139","0"
"1099","138","-1"
"1100","142","3"
"1101","141","2"
"1102","139","0"
"1103","141","2"
"1104","139","0"
"1105","140","1"
"1106","140","1"
"1107","142","3"
"1108","139","0"
"1109","141","2"
"1110","139","0"
"1111","139","0"
"1112","141","2"
"1113","139","0"
"1114","142","3"
"1115","141","2"
"1116","139","0"
"1117","139","0"
"1118","141","2"
"1119","139","0"
"1120","140","1"
"1121","143","4"
"1122","139","0"
"1123","138","-1"
"1124","141","2"
"1125","142","3"
"1126","138","-1"
"1127","139","0"
"1128","139","0"
"1129","139","0"
"1130","139","0"
"1131","139","0"
"1132","138","-1"
"1133","141","2"
"1134","138","-1"
"1135","140","1"
"1136","139","0"
"1137","139","0"
"1138","141","2"
"1139","138","-1"
"1140","141","2"
"1141","141","2"
"1142","140","1"
"1143","141","2"
"1144","138","-1"
"1145","141","2"
"1146","138","-1"
"1147","141","2"
"1148","141","2"
"1149","141","2"
"1150","140","1"
"1151","142","3"
"1152","139","0"
"1153","138","-1"
"1154","141","2"
"1155","141","2"
"1156","140","1"
"1157","141","2"
"1158","141","2"
"1159","141","2"
"1160","139","0"
"1161","138","-1"
"1162","141","2"
"1163","140","1"
"1164","138","-1"
"1165","141","2"
"1166","139","0"
"1167","138","-1"
"1168","140","1"
"1169","139","0"
"1170","141","2"
"1171","140","1"
"1172","140","1"
"1173","141","2"
"1174","140","1"
"1175","141","2"
"1176","139","0"
"1177","138","-1"
"1178","141","2"
"1179","139","0"
"1180","141","2"
"1181","140","1"
"1182","141","2"
"1183","141","2"
"1184","141","2"
"1185","141","2"
"1186","139","0"
"1187","139","0"
"1188","141","2"
"1189","141","2"
"1190","141","2"
"1191","141","2"
"1192","139","0"
"1193","139","0"
"1194","141","2"
"1195","139","0"
"1196","141","2"
"1197","142","3"
"1198","139","0"
"1199","139","0"
"1200","141","2"
"1201","141","2"
"1202","135","-4"
"1203","139","0"
"1204","141","2"
"1205","140","1"
"1206","140","1"
"1207","139","0"
"1208","142","3"
"1209","140","1"
"1210","141","2"
"1211","141","2"
"1212","139","0"
"1213","141","2"
"1214","138","-1"
"1215","142","3"
"1216","139","0"
"1217","138","-1"
"1218","140","1"
"1219","139","0"
"1220","140","1"
"1221","139","0"
"1222","139","0"
"1223","141","2"
"1224","138","-1"
"1225","141","2"
"1226","139","0"
"1227","142","3"
"1228","140","1"
"1229","142","3"
"1230","139","0"
"1231","139","0"
"1232","142","3"
"1233","139","0"
"1234","141","2"
"1235","141","2"
"1236","139","0"
"1237","139","0"
"1238","139","0"
"1239","139","0"
"1240","140","1"
"1241","141","2"
"1242","142","3"
"1243","141","2"
"1244","139","0"
"1245","139","0"
"1246","140","1"
"1247","141","2"
"1248","139","0"
"1249","139","0"
"1250","140","1"
"1251","141","2"
"1252","139","0"
"1253","138","-1"
"1254","141","2"
"1255","141","2"
"1256","139","0"
"1257","139","0"
"1258","141","2"
"1259","138","-1"
"1260","141","2"
"1261","142","3"
"1262","139","0"
"1263","141","2"
"1264","138","-1"
"1265","141","2"
"1266","139","0"
"1267","139","0"
"1268","140","1"
"1269","138","-1"
"1270","142","3"
"1271","142","3"
"1272","140","1"
"1273","139","0"
"1274","142","3"
"1275","135","-4"
"1276","138","-1"
"1277","139","0"
"1278","141","2"
"1279","141","2"
"1280","138","-1"
"1281","139","0"
"1282","141","2"
"1283","141","2"
"1284","139","0"
"1285","138","-1"
"1286","142","3"
"1287","142","3"
"1288","138","-1"
"1289","141","2"
"1290","138","-1"
"1291","141","2"
"1292","140","1"
"1293","139","0"
"1294","140","1"
"1295","139","0"
"1296","144","5"
"1297","142","3"
"1298","141","2"
"1299","139","0"
"1300","141","2"
"1301","139","0"
"1302","141","2"
"1303","141","2"
"1304","141","2"
"1305","141","2"
"1306","141","2"
"1307","138","-1"
"1308","140","1"
"1309","141","2"
"1310","138","-1"
"1311","140","1"
"1312","139","0"
"1313","141","2"
"1314","138","-1"
"1315","139","0"
"1316","141","2"
"1317","140","1"
"1318","138","-1"
"1319","140","1"
"1320","138","-1"
"1321","141","2"
"1322","139","0"
"1323","140","1"
"1324","138","-1"
"1325","141","2"
"1326","138","-1"
"1327","140","1"
"1328","139","0"
"1329","141","2"
"1330","138","-1"
"1331","138","-1"
"1332","141","2"
"1333","141","2"
"1334","138","-1"
"1335","138","-1"
"1336","140","1"
"1337","139","0"
"1338","141","2"
"1339","142","3"
"1340","140","1"
"1341","141","2"
"1342","138","-1"
"1343","141","2"
"1344","138","-1"
"1345","138","-1"
"1346","139","0"
"1347","138","-1"
"1348","139","0"
"1349","138","-1"
"1350","139","0"
"1351","139","0"
"1352","141","2"
"1353","139","0"
"1354","140","1"
"1355","141","2"
"1356","138","-1"
"1357","145","6"
"1358","138","-1"
"1359","141","2"
"1360","140","1"
"1361","140","1"
"1362","142","3"
"1363","142","3"
"1364","138","-1"
"1365","141","2"
"1366","141","2"
"1367","139","0"
"1368","141","2"
"1369","140","1"
"1370","139","0"
"1371","139","0"
"1372","140","1"
"1373","139","0"
"1374","139","0"
"1375","138","-1"
"1376","139","0"
"1377","139","0"
"1378","141","2"
"1379","141","2"
"1380","139","0"
"1381","141","2"
"1382","140","1"
"1383","141","2"
"1384","140","1"
"1385","141","2"
"1386","138","-1"
"1387","141","2"
"1388","139","0"
"1389","139","0"
"1390","141","2"
"1391","140","1"
"1392","141","2"
"1393","141","2"
"1394","139","0"
"1395","138","-1"
"1396","142","3"
"1397","139","0"
"1398","140","1"
"1399","141","2"
"1400","139","0"
"1401","141","2"
"1402","139","0"
"1403","138","-1"
"1404","141","2"
"1405","141","2"
"1406","140","1"
"1407","141","2"
"1408","140","1"
"1409","141","2"
"1410","161","22"
"1411","139","0"
"1412","141","2"
"1413","141","2"
"1414","138","-1"
"1415","138","-1"
"1416","141","2"
"1417","139","0"
"1418","140","1"
"1419","138","-1"
"1420","141","2"
"1421","139","0"
"1422","142","3"
"1423","138","-1"
"1424","139","0"
"1425","138","-1"
"1426","140","1"
"1427","139","0"
"1428","136","-3"
"1429","138","-1"
"1430","142","3"
"1431","139","0"
"1432","140","1"
"1433","141","2"
"1434","139","0"
"1435","139","0"
"1436","141","2"
"1437","140","1"
"1438","138","-1"
"1439","138","-1"
"1440","142","3"
"1441","142","3"
"1442","139","0"
"1443","138","-1"
"1444","140","1"
"1445","142","3"
"1446","139","0"
"1447","138","-1"
"1448","142","3"
"1449","140","1"
"1450","139","0"
"1451","142","3"
"1452","140","1"
"1453","139","0"
"1454","139","0"
"1455","141","2"
"1456","139","0"
"1457","137","-2"
"1458","141","2"
"1459","142","3"
"1460","141","2"
"1461","141","2"
"1462","140","1"
"1463","141","2"
"1464","138","-1"
"1465","139","0"
"1466","141","2"
"1467","141","2"
"1468","138","-1"
"1469","141","2"
"1470","138","-1"
"1471","138","-1"
"1472","142","3"
"1473","140","1"
"1474","187","48"
"1475","141","2"
"1476","141","2"
"1477","142","3"
"1478","141","2"
"1479","142","3"
"1480","139","0"
"1481","141","2"
"1482","140","1"
"1483","139","0"
"1484","139","0"
"1485","138","-1"
"1486","141","2"
"1487","142","3"
"1488","138","-1"
"1489","139","0"
"1490","141","2"
"1491","142","3"
"1492","139","0"
"1493","141","2"
"1494","140","1"
"1495","139","0"
"1496","142","3"
"1497","140","1"
"1498","141","2"
"1499","140","1"
"1500","139","0"
"1501","139","0"
"1502","139","0"
"1503","140","1"
"1504","140","1"
"1505","138","-1"
"1506","140","1"
"1507","135","-4"
"1508","140","1"
"1509","140","1"
"1510","140","1"
"1511","141","2"
"1512","139","0"
"1513","138","-1"
"1514","142","3"
"1515","141","2"
"1516","138","-1"
"1517","139","0"
"1518","140","1"
"1519","139","0"
"1520","140","1"
"1521","140","1"
"1522","142","3"
"1523","142","3"
"1524","141","2"
"1525","141","2"
"1526","138","-1"
"1527","141","2"
"1528","139","0"
"1529","139","0"
"1530","141","2"
"1531","141","2"
"1532","139","0"
"1533","139","0"
"1534","141","2"
"1535","141","2"
"1536","139","0"
"1537","141","2"
"1538","139","0"
"1539","141","2"
"1540","145","6"
"1541","139","0"
"1542","141","2"
"1543","140","1"
"1544","141","2"
"1545","142","3"
"1546","139","0"
"1547","141","2"
"1548","139","0"
"1549","139","0"
"1550","148","9"
"1551","142","3"
"1552","141","2"
"1553","141","2"
"1554","139","0"
"1555","138","-1"
"1556","141","2"
"1557","141","2"
"1558","140","1"
"1559","139","0"
"1560","141","2"
"1561","142","3"
"1562","139","0"
"1563","139","0"
"1564","138","-1"
"1565","141","2"
"1566","142","3"
"1567","141","2"
"1568","142","3"
"1569","139","0"
"1570","140","1"
"1571","141","2"
"1572","140","1"
"1573","138","-1"
"1574","139","0"
"1575","140","1"
"1576","139","0"
"1577","139","0"
"1578","140","1"
"1579","141","2"
"1580","141","2"
"1581","141","2"
"1582","139","0"
"1583","138","-1"
"1584","140","1"
"1585","142","3"
"1586","141","2"
"1587","142","3"
"1588","140","1"
"1589","140","1"
"1590","140","1"
"1591","139","0"
"1592","141","2"
"1593","141","2"
"1594","139","0"
"1595","139","0"
"1596","141","2"
"1597","141","2"
"1598","140","1"
"1599","140","1"
"1600","140","1"
"1601","138","-1"
"1602","142","3"
"1603","139","0"
"1604","140","1"
"1605","142","3"
"1606","140","1"
"1607","141","2"
"1608","142","3"
"1609","138","-1"
"1610","141","2"
"1611","139","0"
"1612","141","2"
"1613","138","-1"
"1614","142","3"
"1615","139","0"
"1616","141","2"
"1617","141","2"
"1618","138","-1"
"1619","141","2"
"1620","139","0"
"1621","138","-1"
"1622","137","-2"
"1623","138","-1"
"1624","141","2"
"1625","139","0"
"1626","142","3"
"1627","138","-1"
"1628","141","2"
"1629","140","1"
"1630","140","1"
"1631","142","3"
"1632","139","0"
"1633","141","2"
"1634","139","0"
"1635","139","0"
"1636","139","0"
"1637","140","1"
"1638","138","-1"
"1639","140","1"
"1640","139","0"
"1641","139","0"
"1642","140","1"
"1643","140","1"
"1644","137","-2"
"1645","141","2"
"1646","138","-1"
"1647","141","2"
"1648","138","-1"
"1649","141","2"
"1650","138","-1"
"1651","132","-7"
"1652","138","-1"
"1653","138","-1"
"1654","141","2"
"1655","139","0"
"1656","141","2"
"1657","141","2"
"1658","140","1"
"1659","142","3"
"1660","138","-1"
"1661","141","2"
"1662","137","-2"
"1663","139","0"
"1664","136","-3"
"1665","141","2"
"1666","140","1"
"1667","139","0"
"1668","139","0"
"1669","138","-1"
"1670","139","0"
"1671","138","-1"
"1672","139","0"
"1673","139","0"
"1674","138","-1"
"1675","138","-1"
"1676","140","1"
"1677","139","0"
"1678","141","2"
"1679","139","0"
"1680","141","2"
"1681","138","-1"
"1682","138","-1"
"1683","138","-1"
"1684","142","3"
"1685","138","-1"
"1686","139","0"
"1687","141","2"
"1688","141","2"
"1689","139","0"
"1690","139","0"
"1691","138","-1"
"1692","138","-1"
"1693","141","2"
"1694","138","-1"
"1695","141","2"
"1696","140","1"
"1697","139","0"
"1698","141","2"
"1699","138","-1"
"1700","138","-1"
"1701","141","2"
"1702","141","2"
"1703","139","0"
"1704","139","0"
"1705","138","-1"
"1706","138","-1"
"1707","141","2"
"1708","140","1"
"1709","139","0"
"1710","139","0"
"1711","139","0"
"1712","140","1"
"1713","141","2"
"1714","138","-1"
"1715","142","3"
"1716","141","2"
"1717","138","-1"
"1718","139","0"
"1719","141","2"
"1720","141","2"
"1721","139","0"
"1722","139","0"
"1723","140","1"
"1724","142","3"
"1725","139","0"
"1726","139","0"
"1727","139","0"
"1728","138","-1"
"1729","140","1"
"1730","141","2"
"1731","139","0"
"1732","140","1"
"1733","140","1"
"1734","139","0"
"1735","139","0"
"1736","141","2"
"1737","138","-1"
"1738","139","0"
"1739","141","2"
"1740","141","2"
"1741","140","1"
"1742","142","3"
"1743","139","0"
"1744","139","0"
"1745","141","2"
"1746","141","2"
"1747","140","1"
"1748","138","-1"
"1749","141","2"
"1750","141","2"
"1751","139","0"
"1752","138","-1"
"1753","141","2"
"1754","140","1"
"1755","140","1"
"1756","141","2"
"1757","138","-1"
"1758","141","2"
"1759","138","-1"
"1760","138","-1"
"1761","141","2"
"1762","140","1"
"1763","138","-1"
"1764","138","-1"
"1765","140","1"
"1766","138","-1"
"1767","141","2"
"1768","134","-5"
"1769","141","2"
"1770","139","0"
"1771","140","1"
"1772","138","-1"
"1773","140","1"
"1774","141","2"
"1775","139","0"
"1776","142","3"
"1777","139","0"
"1778","139","0"
"1779","140","1"
"1780","141","2"
"1781","140","1"
"1782","141","2"
"1783","138","-1"
"1784","141","2"
"1785","139","0"
"1786","140","1"
"1787","138","-1"
"1788","139","0"
"1789","94","-45"
"1790","138","-1"
"1791","140","1"
"1792","139","0"
"1793","141","2"
"1794","141","2"
"1795","141","2"
"1796","141","2"
"1797","139","0"
"1798","141","2"
"1799","139","0"
"1800","139","0"
"1801","137","-2"
"1802","140","1"
"1803","138","-1"
"1804","137","-2"
"1805","139","0"
"1806","138","-1"
"1807","142","3"
"1808","138","-1"
"1809","141","2"
"1810","139","0"
"1811","140","1"
"1812","139","0"
"1813","141","2"
"1814","140","1"
"1815","140","1"
"1816","142","3"
"1817","140","1"
"1818","141","2"
"1819","141","2"
"1820","138","-1"
"1821","141","2"
"1822","141","2"
"1823","142","3"
"1824","138","-1"
"1825","139","0"
"1826","142","3"
"1827","141","2"
"1828","139","0"
"1829","139","0"
"1830","141","2"
"1831","139","0"
"1832","138","-1"
"1833","138","-1"
"1834","142","3"
"1835","141","2"
"1836","140","1"
"1837","140","1"
"1838","138","-1"
"1839","138","-1"
"1840","139","0"
"1841","140","1"
"1842","140","1"
"1843","141","2"
"1844","142","3"
"1845","141","2"
"1846","139","0"
"1847","139","0"
"1848","141","2"
"1849","139","0"
"1850","141","2"
"1851","140","1"
"1852","138","-1"
"1853","139","0"
"1854","141","2"
"1855","144","5"
"1856","139","0"
"1857","138","-1"
"1858","142","3"
"1859","142","3"
"1860","139","0"
"1861","138","-1"
"1862","142","3"
"1863","141","2"
"1864","138","-1"
"1865","139","0"
"1866","141","2"
"1867","141","2"
"1868","138","-1"
"1869","139","0"
"1870","139","0"
"1871","139","0"
"1872","141","2"
"1873","141","2"
"1874","141","2"
"1875","142","3"
"1876","141","2"
"1877","141","2"
"1878","141","2"
"1879","145","6"
"1880","140","1"
"1881","140","1"
"1882","138","-1"
"1883","142","3"
"1884","140","1"
"1885","138","-1"
"1886","139","0"
"1887","139","0"
"1888","144","5"
"1889","140","1"
"1890","141","2"
"1891","139","0"
"1892","140","1"
"1893","141","2"
"1894","141","2"
"1895","140","1"
"1896","138","-1"
"1897","141","2"
"1898","141","2"
"1899","137","-2"
"1900","139","0"
"1901","142","3"
"1902","139","0"
"1903","140","1"
"1904","148","9"
"1905","139","0"
"1906","139","0"
"1907","132","-7"
"1908","139","0"
"1909","140","1"
"1910","138","-1"
"1911","141","2"
"1912","135","-4"
"1913","141","2"
"1914","133","-6"
"1915","141","2"
"1916","139","0"
"1917","138","-1"
"1918","140","1"
"1919","140","1"
"1920","141","2"
"1921","141","2"
"1922","138","-1"
"1923","140","1"
"1924","138","-1"
"1925","138","-1"
"1926","141","2"
"1927","139","0"
"1928","141","2"
"1929","140","1"
"1930","140","1"
"1931","140","1"
"1932","141","2"
"1933","149","10"
"1934","138","-1"
"1935","139","0"
"1936","140","1"
"1937","138","-1"
"1938","141","2"
"1939","139","0"
"1940","141","2"
"1941","138","-1"
"1942","141","2"
"1943","139","0"
"1944","141","2"
"1945","139","0"
"1946","142","3"
"1947","139","0"
"1948","139","0"
"1949","138","-1"
"1950","138","-1"
"1951","141","2"
"1952","138","-1"
"1953","141","2"
"1954","139","0"
"1955","141","2"
"1956","138","-1"
"1957","142","3"
"1958","140","1"
"1959","141","2"
"1960","140","1"
"1961","141","2"
"1962","140","1"
"1963","141","2"
"1964","140","1"
"1965","138","-1"
"1966","141","2"
"1967","138","-1"
"1968","144","5"
"1969","138","-1"
"1970","138","-1"
"1971","141","2"
"1972","139","0"
"1973","141","2"
"1974","141","2"
"1975","138","-1"
"1976","138","-1"
"1977","136","-3"
"1978","141","2"
"1979","141","2"
"1980","141","2"
"1981","141","2"
"1982","140","1"
"1983","141","2"
"1984","141","2"
"1985","140","1"
"1986","140","1"
"1987","141","2"
"1988","141","2"
"1989","140","1"
"1990","141","2"
"1991","141","2"
"1992","141","2"
"1993","141","2"
"1994","140","1"
"1995","141","2"
"1996","139","0"
"1997","138","-1"
"1998","141","2"
"1999","141","2"
"2000","139","0"
"2001","139","0"
"2002","142","3"
"2003","141","2"
"2004","139","0"
"2005","139","0"
"2006","141","2"
"2007","142","3"
"2008","139","0"
"2009","138","-1"
"2010","141","2"
"2011","142","3"
"2012","139","0"
"2013","139","0"
"2014","138","-1"
"2015","141","2"
"2016","138","-1"
"2017","140","1"
"2018","139","0"
"2019","140","1"
"2020","142","3"
"2021","139","0"
"2022","141","2"
"2023","141","2"
"2024","138","-1"
"2025","138","-1"
"2026","140","1"
"2027","141","2"
"2028","138","-1"
"2029","141","2"
"2030","139","0"
"2031","139","0"
"2032","141","2"
"2033","138","-1"
"2034","140","1"
"2035","141","2"
"2036","138","-1"
"2037","140","1"
"2038","141","2"
"2039","142","3"
"2040","140","1"
"2041","141","2"
"2042","140","1"
"2043","140","1"
"2044","141","2"
"2045","141","2"
"2046","141","2"
"2047","142","3"
